RegionCode,WeatherParam,Year,Key,Value
UK,MIN_TEMP,1910,FEB,0.9
UK,MIN_TEMP,1910,MAR,1.5
UK,MIN_TEMP,1910,APR,2.2
UK,MIN_TEMP,1910,MAY,5.6
UK,MIN_TEMP,1910,JUN,8.8
UK,MIN_TEMP,1910,JUL,9.3
UK,MIN_TEMP,1910,AUG,10.4
UK,MIN_TEMP,1910,SEP,7.7
UK,MIN_TEMP,1910,OCT,6.7
UK,MIN_TEMP,1910,NOV,-0.3
UK,MIN_TEMP,1910,DEC,3.1
UK,MIN_TEMP,1910,WIN,N/A-
UK,MIN_TEMP,1910,SPR,3.12
UK,MIN_TEMP,1910,SUM,9.48
UK,MIN_TEMP,1910,AUT,4.73
UK,MIN_TEMP,1910,ANN,4.65
UK,MIN_TEMP,1911,JAN,0.9
UK,MIN_TEMP,1911,FEB,0.9
UK,MIN_TEMP,1911,MAR,1.2
UK,MIN_TEMP,1911,APR,2.8
UK,MIN_TEMP,1911,MAY,6.6
UK,MIN_TEMP,1911,JUN,8.4
UK,MIN_TEMP,1911,JUL,10.7
UK,MIN_TEMP,1911,AUG,11.6
UK,MIN_TEMP,1911,SEP,7.8
UK,MIN_TEMP,1911,OCT,4.8
UK,MIN_TEMP,1911,NOV,2.2
UK,MIN_TEMP,1911,DEC,2.6
UK,MIN_TEMP,1911,WIN,1.63
UK,MIN_TEMP,1911,SPR,3.54
UK,MIN_TEMP,1911,SUM,10.27
UK,MIN_TEMP,1911,AUT,4.96
UK,MIN_TEMP,1911,ANN,5.08
UK,MIN_TEMP,1912,JAN,0.3
UK,MIN_TEMP,1912,FEB,1.2
UK,MIN_TEMP,1912,MAR,3.0
UK,MIN_TEMP,1912,APR,3.0
UK,MIN_TEMP,1912,MAY,6.1
UK,MIN_TEMP,1912,JUN,8.6
UK,MIN_TEMP,1912,JUL,10.5
UK,MIN_TEMP,1912,AUG,8.2
UK,MIN_TEMP,1912,SEP,6.5
UK,MIN_TEMP,1912,OCT,3.5
UK,MIN_TEMP,1912,NOV,2.7
UK,MIN_TEMP,1912,DEC,2.4
UK,MIN_TEMP,1912,WIN,1.39
UK,MIN_TEMP,1912,SPR,4.04
UK,MIN_TEMP,1912,SUM,9.09
UK,MIN_TEMP,1912,AUT,4.24
UK,MIN_TEMP,1912,ANN,4.69
UK,MIN_TEMP,1913,JAN,1.0
UK,MIN_TEMP,1913,FEB,0.9
UK,MIN_TEMP,1913,MAR,1.4
UK,MIN_TEMP,1913,APR,3.0
UK,MIN_TEMP,1913,MAY,5.8
UK,MIN_TEMP,1913,JUN,8.3
UK,MIN_TEMP,1913,JUL,9.5
UK,MIN_TEMP,1913,AUG,9.4
UK,MIN_TEMP,1913,SEP,8.8
UK,MIN_TEMP,1913,OCT,6.6
UK,MIN_TEMP,1913,NOV,4.1
UK,MIN_TEMP,1913,DEC,1.7
UK,MIN_TEMP,1913,WIN,1.47
UK,MIN_TEMP,1913,SPR,3.40
UK,MIN_TEMP,1913,SUM,9.05
UK,MIN_TEMP,1913,AUT,6.52
UK,MIN_TEMP,1913,ANN,5.06
UK,MIN_TEMP,1914,JAN,0.3
UK,MIN_TEMP,1914,FEB,2.4
UK,MIN_TEMP,1914,MAR,1.5
UK,MIN_TEMP,1914,APR,3.7
UK,MIN_TEMP,1914,MAY,5.1
UK,MIN_TEMP,1914,JUN,8.3
UK,MIN_TEMP,1914,JUL,10.4
UK,MIN_TEMP,1914,AUG,10.3
UK,MIN_TEMP,1914,SEP,7.6
UK,MIN_TEMP,1914,OCT,5.9
UK,MIN_TEMP,1914,NOV,2.7
UK,MIN_TEMP,1914,DEC,0.7
UK,MIN_TEMP,1914,WIN,1.42
UK,MIN_TEMP,1914,SPR,3.40
UK,MIN_TEMP,1914,SUM,9.67
UK,MIN_TEMP,1914,AUT,5.42
UK,MIN_TEMP,1914,ANN,4.91
UK,MIN_TEMP,1915,JAN,0.6
UK,MIN_TEMP,1915,FEB,0.1
UK,MIN_TEMP,1915,MAR,0.7
UK,MIN_TEMP,1915,APR,2.6
UK,MIN_TEMP,1915,MAY,4.4
UK,MIN_TEMP,1915,JUN,7.6
UK,MIN_TEMP,1915,JUL,9.3
UK,MIN_TEMP,1915,AUG,10.1
UK,MIN_TEMP,1915,SEP,7.9
UK,MIN_TEMP,1915,OCT,4.7
UK,MIN_TEMP,1915,NOV,-0.7
UK,MIN_TEMP,1915,DEC,1.2
UK,MIN_TEMP,1915,WIN,0.50
UK,MIN_TEMP,1915,SPR,2.55
UK,MIN_TEMP,1915,SUM,9.03
UK,MIN_TEMP,1915,AUT,3.97
UK,MIN_TEMP,1915,ANN,4.07
UK,MIN_TEMP,1916,JAN,3.6
UK,MIN_TEMP,1916,FEB,0.0
UK,MIN_TEMP,1916,MAR,-0.2
UK,MIN_TEMP,1916,APR,2.8
UK,MIN_TEMP,1916,MAY,5.6
UK,MIN_TEMP,1916,JUN,6.7
UK,MIN_TEMP,1916,JUL,9.8
UK,MIN_TEMP,1916,AUG,10.6
UK,MIN_TEMP,1916,SEP,8.2
UK,MIN_TEMP,1916,OCT,6.1
UK,MIN_TEMP,1916,NOV,3.3
UK,MIN_TEMP,1916,DEC,-0.7
UK,MIN_TEMP,1916,WIN,1.64
UK,MIN_TEMP,1916,SPR,2.69
UK,MIN_TEMP,1916,SUM,9.05
UK,MIN_TEMP,1916,AUT,5.89
UK,MIN_TEMP,1916,ANN,4.66
UK,MIN_TEMP,1917,JAN,-0.7
UK,MIN_TEMP,1917,FEB,-2.0
UK,MIN_TEMP,1917,MAR,-0.9
UK,MIN_TEMP,1917,APR,0.3
UK,MIN_TEMP,1917,MAY,6.0
UK,MIN_TEMP,1917,JUN,8.5
UK,MIN_TEMP,1917,JUL,10.0
UK,MIN_TEMP,1917,AUG,11.0
UK,MIN_TEMP,1917,SEP,8.9
UK,MIN_TEMP,1917,OCT,2.9
UK,MIN_TEMP,1917,NOV,4.2
UK,MIN_TEMP,1917,DEC,-0.8
UK,MIN_TEMP,1917,WIN,-1.08
UK,MIN_TEMP,1917,SPR,1.83
UK,MIN_TEMP,1917,SUM,9.83
UK,MIN_TEMP,1917,AUT,5.33
UK,MIN_TEMP,1917,ANN,3.99
UK,MIN_TEMP,1918,JAN,-0.2
UK,MIN_TEMP,1918,FEB,2.9
UK,MIN_TEMP,1918,MAR,1.2
UK,MIN_TEMP,1918,APR,2.0
UK,MIN_TEMP,1918,MAY,6.6
UK,MIN_TEMP,1918,JUN,7.1
UK,MIN_TEMP,1918,JUL,9.6
UK,MIN_TEMP,1918,AUG,10.7
UK,MIN_TEMP,1918,SEP,6.8
UK,MIN_TEMP,1918,OCT,5.1
UK,MIN_TEMP,1918,NOV,1.6
UK,MIN_TEMP,1918,DEC,3.0
UK,MIN_TEMP,1918,WIN,0.56
UK,MIN_TEMP,1918,SPR,3.27
UK,MIN_TEMP,1918,SUM,9.16
UK,MIN_TEMP,1918,AUT,4.52
UK,MIN_TEMP,1918,ANN,4.72
UK,MIN_TEMP,1919,JAN,-0.1
UK,MIN_TEMP,1919,FEB,-1.6
UK,MIN_TEMP,1919,MAR,-0.7
UK,MIN_TEMP,1919,APR,2.3
UK,MIN_TEMP,1919,MAY,6.6
UK,MIN_TEMP,1919,JUN,8.0
UK,MIN_TEMP,1919,JUL,8.6
UK,MIN_TEMP,1919,AUG,9.9
UK,MIN_TEMP,1919,SEP,7.3
UK,MIN_TEMP,1919,OCT,3.3
UK,MIN_TEMP,1919,NOV,-0.5
UK,MIN_TEMP,1919,DEC,1.5
UK,MIN_TEMP,1919,WIN,0.52
UK,MIN_TEMP,1919,SPR,2.72
UK,MIN_TEMP,1919,SUM,8.85
UK,MIN_TEMP,1919,AUT,3.40
UK,MIN_TEMP,1919,ANN,3.76
UK,MIN_TEMP,1920,JAN,0.9
UK,MIN_TEMP,1920,FEB,1.8
UK,MIN_TEMP,1920,MAR,2.2
UK,MIN_TEMP,1920,APR,3.6
UK,MIN_TEMP,1920,MAY,6.1
UK,MIN_TEMP,1920,JUN,8.4
UK,MIN_TEMP,1920,JUL,9.3
UK,MIN_TEMP,1920,AUG,8.6
UK,MIN_TEMP,1920,SEP,7.8
UK,MIN_TEMP,1920,OCT,6.1
UK,MIN_TEMP,1920,NOV,3.4
UK,MIN_TEMP,1920,DEC,0.8
UK,MIN_TEMP,1920,WIN,1.40
UK,MIN_TEMP,1920,SPR,3.98
UK,MIN_TEMP,1920,SUM,8.78
UK,MIN_TEMP,1920,AUT,5.76
UK,MIN_TEMP,1920,ANN,4.93
UK,MIN_TEMP,1921,JAN,3.1
UK,MIN_TEMP,1921,FEB,1.2
UK,MIN_TEMP,1921,MAR,2.3
UK,MIN_TEMP,1921,APR,2.5
UK,MIN_TEMP,1921,MAY,5.2
UK,MIN_TEMP,1921,JUN,7.9
UK,MIN_TEMP,1921,JUL,11.0
UK,MIN_TEMP,1921,AUG,9.9
UK,MIN_TEMP,1921,SEP,8.4
UK,MIN_TEMP,1921,OCT,7.6
UK,MIN_TEMP,1921,NOV,1.5
UK,MIN_TEMP,1921,DEC,2.9
UK,MIN_TEMP,1921,WIN,1.75
UK,MIN_TEMP,1921,SPR,3.35
UK,MIN_TEMP,1921,SUM,9.61
UK,MIN_TEMP,1921,AUT,5.86
UK,MIN_TEMP,1921,ANN,5.33
UK,MIN_TEMP,1922,JAN,0.4
UK,MIN_TEMP,1922,FEB,0.7
UK,MIN_TEMP,1922,MAR,0.9
UK,MIN_TEMP,1922,APR,0.4
UK,MIN_TEMP,1922,MAY,6.1
UK,MIN_TEMP,1922,JUN,7.7
UK,MIN_TEMP,1922,JUL,8.5
UK,MIN_TEMP,1922,AUG,8.5
UK,MIN_TEMP,1922,SEP,7.2
UK,MIN_TEMP,1922,OCT,4.1
UK,MIN_TEMP,1922,NOV,2.2
UK,MIN_TEMP,1922,DEC,2.5
UK,MIN_TEMP,1922,WIN,1.35
UK,MIN_TEMP,1922,SPR,2.47
UK,MIN_TEMP,1922,SUM,8.24
UK,MIN_TEMP,1922,AUT,4.49
UK,MIN_TEMP,1922,ANN,4.12
UK,MIN_TEMP,1923,JAN,2.2
UK,MIN_TEMP,1923,FEB,2.2
UK,MIN_TEMP,1923,MAR,2.2
UK,MIN_TEMP,1923,APR,2.7
UK,MIN_TEMP,1923,MAY,4.1
UK,MIN_TEMP,1923,JUN,7.4
UK,MIN_TEMP,1923,JUL,11.6
UK,MIN_TEMP,1923,AUG,9.6
UK,MIN_TEMP,1923,SEP,7.1
UK,MIN_TEMP,1923,OCT,5.6
UK,MIN_TEMP,1923,NOV,-0.2
UK,MIN_TEMP,1923,DEC,0.4
UK,MIN_TEMP,1923,WIN,2.32
UK,MIN_TEMP,1923,SPR,3.02
UK,MIN_TEMP,1923,SUM,9.55
UK,MIN_TEMP,1923,AUT,4.18
UK,MIN_TEMP,1923,ANN,4.60
UK,MIN_TEMP,1924,JAN,1.4
UK,MIN_TEMP,1924,FEB,0.4
UK,MIN_TEMP,1924,MAR,-0.9
UK,MIN_TEMP,1924,APR,1.9
UK,MIN_TEMP,1924,MAY,5.9
UK,MIN_TEMP,1924,JUN,8.4
UK,MIN_TEMP,1924,JUL,9.8
UK,MIN_TEMP,1924,AUG,9.4
UK,MIN_TEMP,1924,SEP,8.5
UK,MIN_TEMP,1924,OCT,5.9
UK,MIN_TEMP,1924,NOV,3.8
UK,MIN_TEMP,1924,DEC,3.7
UK,MIN_TEMP,1924,WIN,0.72
UK,MIN_TEMP,1924,SPR,2.32
UK,MIN_TEMP,1924,SUM,9.22
UK,MIN_TEMP,1924,AUT,6.09
UK,MIN_TEMP,1924,ANN,4.88
UK,MIN_TEMP,1925,JAN,2.0
UK,MIN_TEMP,1925,FEB,1.1
UK,MIN_TEMP,1925,MAR,1.0
UK,MIN_TEMP,1925,APR,2.3
UK,MIN_TEMP,1925,MAY,6.3
UK,MIN_TEMP,1925,JUN,8.4
UK,MIN_TEMP,1925,JUL,10.9
UK,MIN_TEMP,1925,AUG,10.3
UK,MIN_TEMP,1925,SEP,6.7
UK,MIN_TEMP,1925,OCT,6.0
UK,MIN_TEMP,1925,NOV,0.4
UK,MIN_TEMP,1925,DEC,-0.6
UK,MIN_TEMP,1925,WIN,2.34
UK,MIN_TEMP,1925,SPR,3.23
UK,MIN_TEMP,1925,SUM,9.89
UK,MIN_TEMP,1925,AUT,4.41
UK,MIN_TEMP,1925,ANN,4.61
UK,MIN_TEMP,1926,JAN,1.3
UK,MIN_TEMP,1926,FEB,2.9
UK,MIN_TEMP,1926,MAR,2.2
UK,MIN_TEMP,1926,APR,4.1
UK,MIN_TEMP,1926,MAY,4.8
UK,MIN_TEMP,1926,JUN,8.0
UK,MIN_TEMP,1926,JUL,11.1
UK,MIN_TEMP,1926,AUG,10.6
UK,MIN_TEMP,1926,SEP,9.1
UK,MIN_TEMP,1926,OCT,3.4
UK,MIN_TEMP,1926,NOV,2.1
UK,MIN_TEMP,1926,DEC,1.3
UK,MIN_TEMP,1926,WIN,1.15
UK,MIN_TEMP,1926,SPR,3.70
UK,MIN_TEMP,1926,SUM,9.93
UK,MIN_TEMP,1926,AUT,4.86
UK,MIN_TEMP,1926,ANN,5.09
UK,MIN_TEMP,1927,JAN,1.2
UK,MIN_TEMP,1927,FEB,0.7
UK,MIN_TEMP,1927,MAR,2.8
UK,MIN_TEMP,1927,APR,2.9
UK,MIN_TEMP,1927,MAY,4.9
UK,MIN_TEMP,1927,JUN,6.7
UK,MIN_TEMP,1927,JUL,10.8
UK,MIN_TEMP,1927,AUG,10.5
UK,MIN_TEMP,1927,SEP,7.8
UK,MIN_TEMP,1927,OCT,5.7
UK,MIN_TEMP,1927,NOV,2.6
UK,MIN_TEMP,1927,DEC,-0.5
UK,MIN_TEMP,1927,WIN,1.07
UK,MIN_TEMP,1927,SPR,3.54
UK,MIN_TEMP,1927,SUM,9.36
UK,MIN_TEMP,1927,AUT,5.37
UK,MIN_TEMP,1927,ANN,4.70
UK,MIN_TEMP,1928,JAN,1.2
UK,MIN_TEMP,1928,FEB,1.7
UK,MIN_TEMP,1928,MAR,1.9
UK,MIN_TEMP,1928,APR,3.2
UK,MIN_TEMP,1928,MAY,5.2
UK,MIN_TEMP,1928,JUN,7.1
UK,MIN_TEMP,1928,JUL,10.0
UK,MIN_TEMP,1928,AUG,9.9
UK,MIN_TEMP,1928,SEP,6.9
UK,MIN_TEMP,1928,OCT,5.7
UK,MIN_TEMP,1928,NOV,3.8
UK,MIN_TEMP,1928,DEC,0.3
UK,MIN_TEMP,1928,WIN,0.78
UK,MIN_TEMP,1928,SPR,3.43
UK,MIN_TEMP,1928,SUM,9.03
UK,MIN_TEMP,1928,AUT,5.46
UK,MIN_TEMP,1928,ANN,4.75
UK,MIN_TEMP,1929,JAN,-1.4
UK,MIN_TEMP,1929,FEB,-2.3
UK,MIN_TEMP,1929,MAR,0.3
UK,MIN_TEMP,1929,APR,1.5
UK,MIN_TEMP,1929,MAY,5.2
UK,MIN_TEMP,1929,JUN,7.4
UK,MIN_TEMP,1929,JUL,9.8
UK,MIN_TEMP,1929,AUG,9.8
UK,MIN_TEMP,1929,SEP,9.3
UK,MIN_TEMP,1929,OCT,5.0
UK,MIN_TEMP,1929,NOV,2.7
UK,MIN_TEMP,1929,DEC,2.2
UK,MIN_TEMP,1929,WIN,-1.06
UK,MIN_TEMP,1929,SPR,2.35
UK,MIN_TEMP,1929,SUM,9.03
UK,MIN_TEMP,1929,AUT,5.68
UK,MIN_TEMP,1929,ANN,4.18
UK,MIN_TEMP,1930,JAN,1.6
UK,MIN_TEMP,1930,FEB,-0.9
UK,MIN_TEMP,1930,MAR,0.6
UK,MIN_TEMP,1930,APR,3.8
UK,MIN_TEMP,1930,MAY,5.3
UK,MIN_TEMP,1930,JUN,8.8
UK,MIN_TEMP,1930,JUL,10.3
UK,MIN_TEMP,1930,AUG,10.5
UK,MIN_TEMP,1930,SEP,9.0
UK,MIN_TEMP,1930,OCT,6.2
UK,MIN_TEMP,1930,NOV,2.0
UK,MIN_TEMP,1930,DEC,1.3
UK,MIN_TEMP,1930,WIN,1.02
UK,MIN_TEMP,1930,SPR,3.22
UK,MIN_TEMP,1930,SUM,9.87
UK,MIN_TEMP,1930,AUT,5.73
UK,MIN_TEMP,1930,ANN,4.91
UK,MIN_TEMP,1931,JAN,0.0
UK,MIN_TEMP,1931,FEB,0.3
UK,MIN_TEMP,1931,MAR,-0.6
UK,MIN_TEMP,1931,APR,3.1
UK,MIN_TEMP,1931,MAY,5.9
UK,MIN_TEMP,1931,JUN,8.7
UK,MIN_TEMP,1931,JUL,10.5
UK,MIN_TEMP,1931,AUG,9.3
UK,MIN_TEMP,1931,SEP,7.1
UK,MIN_TEMP,1931,OCT,4.4
UK,MIN_TEMP,1931,NOV,4.2
UK,MIN_TEMP,1931,DEC,2.6
UK,MIN_TEMP,1931,WIN,0.52
UK,MIN_TEMP,1931,SPR,2.79
UK,MIN_TEMP,1931,SUM,9.51
UK,MIN_TEMP,1931,AUT,5.20
UK,MIN_TEMP,1931,ANN,4.63
UK,MIN_TEMP,1932,JAN,2.6
UK,MIN_TEMP,1932,FEB,0.2
UK,MIN_TEMP,1932,MAR,0.4
UK,MIN_TEMP,1932,APR,1.9
UK,MIN_TEMP,1932,MAY,5.5
UK,MIN_TEMP,1932,JUN,8.0
UK,MIN_TEMP,1932,JUL,10.9
UK,MIN_TEMP,1932,AUG,11.3
UK,MIN_TEMP,1932,SEP,8.0
UK,MIN_TEMP,1932,OCT,4.4
UK,MIN_TEMP,1932,NOV,3.1
UK,MIN_TEMP,1932,DEC,2.4
UK,MIN_TEMP,1932,WIN,1.83
UK,MIN_TEMP,1932,SPR,2.61
UK,MIN_TEMP,1932,SUM,10.08
UK,MIN_TEMP,1932,AUT,5.16
UK,MIN_TEMP,1932,ANN,4.92
UK,MIN_TEMP,1933,JAN,-0.9
UK,MIN_TEMP,1933,FEB,0.3
UK,MIN_TEMP,1933,MAR,2.2
UK,MIN_TEMP,1933,APR,3.8
UK,MIN_TEMP,1933,MAY,6.3
UK,MIN_TEMP,1933,JUN,9.1
UK,MIN_TEMP,1933,JUL,11.8
UK,MIN_TEMP,1933,AUG,11.2
UK,MIN_TEMP,1933,SEP,9.1
UK,MIN_TEMP,1933,OCT,6.0
UK,MIN_TEMP,1933,NOV,2.4
UK,MIN_TEMP,1933,DEC,-0.4
UK,MIN_TEMP,1933,WIN,0.65
UK,MIN_TEMP,1933,SPR,4.11
UK,MIN_TEMP,1933,SUM,10.70
UK,MIN_TEMP,1933,AUT,5.85
UK,MIN_TEMP,1933,ANN,5.11
UK,MIN_TEMP,1934,JAN,1.1
UK,MIN_TEMP,1934,FEB,0.6
UK,MIN_TEMP,1934,MAR,0.4
UK,MIN_TEMP,1934,APR,2.8
UK,MIN_TEMP,1934,MAY,5.4
UK,MIN_TEMP,1934,JUN,8.7
UK,MIN_TEMP,1934,JUL,11.2
UK,MIN_TEMP,1934,AUG,9.7
UK,MIN_TEMP,1934,SEP,8.7
UK,MIN_TEMP,1934,OCT,6.0
UK,MIN_TEMP,1934,NOV,2.7
UK,MIN_TEMP,1934,DEC,4.8
UK,MIN_TEMP,1934,WIN,0.41
UK,MIN_TEMP,1934,SPR,2.86
UK,MIN_TEMP,1934,SUM,9.89
UK,MIN_TEMP,1934,AUT,5.79
UK,MIN_TEMP,1934,ANN,5.20
UK,MIN_TEMP,1935,JAN,1.6
UK,MIN_TEMP,1935,FEB,1.8
UK,MIN_TEMP,1935,MAR,2.2
UK,MIN_TEMP,1935,APR,3.1
UK,MIN_TEMP,1935,MAY,4.2
UK,MIN_TEMP,1935,JUN,9.2
UK,MIN_TEMP,1935,JUL,10.6
UK,MIN_TEMP,1935,AUG,10.4
UK,MIN_TEMP,1935,SEP,8.4
UK,MIN_TEMP,1935,OCT,5.1
UK,MIN_TEMP,1935,NOV,2.8
UK,MIN_TEMP,1935,DEC,-0.3
UK,MIN_TEMP,1935,WIN,2.78
UK,MIN_TEMP,1935,SPR,3.16
UK,MIN_TEMP,1935,SUM,10.07
UK,MIN_TEMP,1935,AUT,5.41
UK,MIN_TEMP,1935,ANN,4.93
UK,MIN_TEMP,1936,JAN,0.1
UK,MIN_TEMP,1936,FEB,-0.9
UK,MIN_TEMP,1936,MAR,2.8
UK,MIN_TEMP,1936,APR,1.5
UK,MIN_TEMP,1936,MAY,5.7
UK,MIN_TEMP,1936,JUN,8.6
UK,MIN_TEMP,1936,JUL,10.5
UK,MIN_TEMP,1936,AUG,10.6
UK,MIN_TEMP,1936,SEP,9.6
UK,MIN_TEMP,1936,OCT,4.9
UK,MIN_TEMP,1936,NOV,2.0
UK,MIN_TEMP,1936,DEC,1.7
UK,MIN_TEMP,1936,WIN,-0.36
UK,MIN_TEMP,1936,SPR,3.33
UK,MIN_TEMP,1936,SUM,9.90
UK,MIN_TEMP,1936,AUT,5.46
UK,MIN_TEMP,1936,ANN,4.76
UK,MIN_TEMP,1937,JAN,1.7
UK,MIN_TEMP,1937,FEB,1.4
UK,MIN_TEMP,1937,MAR,-0.7
UK,MIN_TEMP,1937,APR,4.5
UK,MIN_TEMP,1937,MAY,6.3
UK,MIN_TEMP,1937,JUN,8.4
UK,MIN_TEMP,1937,JUL,10.6
UK,MIN_TEMP,1937,AUG,10.6
UK,MIN_TEMP,1937,SEP,8.0
UK,MIN_TEMP,1937,OCT,5.8
UK,MIN_TEMP,1937,NOV,1.9
UK,MIN_TEMP,1937,DEC,-0.3
UK,MIN_TEMP,1937,WIN,1.60
UK,MIN_TEMP,1937,SPR,3.35
UK,MIN_TEMP,1937,SUM,9.87
UK,MIN_TEMP,1937,AUT,5.22
UK,MIN_TEMP,1937,ANN,4.86
UK,MIN_TEMP,1938,JAN,2.1
UK,MIN_TEMP,1938,FEB,1.4
UK,MIN_TEMP,1938,MAR,4.2
UK,MIN_TEMP,1938,APR,2.3
UK,MIN_TEMP,1938,MAY,5.0
UK,MIN_TEMP,1938,JUN,8.6
UK,MIN_TEMP,1938,JUL,9.7
UK,MIN_TEMP,1938,AUG,10.2
UK,MIN_TEMP,1938,SEP,8.6
UK,MIN_TEMP,1938,OCT,6.1
UK,MIN_TEMP,1938,NOV,5.1
UK,MIN_TEMP,1938,DEC,1.0
UK,MIN_TEMP,1938,WIN,1.02
UK,MIN_TEMP,1938,SPR,3.84
UK,MIN_TEMP,1938,SUM,9.51
UK,MIN_TEMP,1938,AUT,6.60
UK,MIN_TEMP,1938,ANN,5.37
UK,MIN_TEMP,1939,JAN,0.5
UK,MIN_TEMP,1939,FEB,1.9
UK,MIN_TEMP,1939,MAR,2.0
UK,MIN_TEMP,1939,APR,3.2
UK,MIN_TEMP,1939,MAY,5.7
UK,MIN_TEMP,1939,JUN,8.0
UK,MIN_TEMP,1939,JUL,10.2
UK,MIN_TEMP,1939,AUG,10.9
UK,MIN_TEMP,1939,SEP,9.2
UK,MIN_TEMP,1939,OCT,4.0
UK,MIN_TEMP,1939,NOV,4.5
UK,MIN_TEMP,1939,DEC,0.4
UK,MIN_TEMP,1939,WIN,1.10
UK,MIN_TEMP,1939,SPR,3.63
UK,MIN_TEMP,1939,SUM,9.71
UK,MIN_TEMP,1939,AUT,5.88
UK,MIN_TEMP,1939,ANN,5.06
UK,MIN_TEMP,1940,JAN,-4.1
UK,MIN_TEMP,1940,FEB,-0.5
UK,MIN_TEMP,1940,MAR,1.2
UK,MIN_TEMP,1940,APR,3.4
UK,MIN_TEMP,1940,MAY,6.3
UK,MIN_TEMP,1940,JUN,9.3
UK,MIN_TEMP,1940,JUL,9.5
UK,MIN_TEMP,1940,AUG,9.7
UK,MIN_TEMP,1940,SEP,7.0
UK,MIN_TEMP,1940,OCT,5.5
UK,MIN_TEMP,1940,NOV,3.0
UK,MIN_TEMP,1940,DEC,0.7
UK,MIN_TEMP,1940,WIN,-1.40
UK,MIN_TEMP,1940,SPR,3.65
UK,MIN_TEMP,1940,SUM,9.51
UK,MIN_TEMP,1940,AUT,5.16
UK,MIN_TEMP,1940,ANN,4.26
UK,MIN_TEMP,1941,JAN,-2.4
UK,MIN_TEMP,1941,FEB,-0.7
UK,MIN_TEMP,1941,MAR,0.3
UK,MIN_TEMP,1941,APR,1.9
UK,MIN_TEMP,1941,MAY,3.9
UK,MIN_TEMP,1941,JUN,8.6
UK,MIN_TEMP,1941,JUL,10.9
UK,MIN_TEMP,1941,AUG,9.6
UK,MIN_TEMP,1941,SEP,9.7
UK,MIN_TEMP,1941,OCT,5.9
UK,MIN_TEMP,1941,NOV,2.7
UK,MIN_TEMP,1941,DEC,2.2
UK,MIN_TEMP,1941,WIN,-0.79
UK,MIN_TEMP,1941,SPR,2.04
UK,MIN_TEMP,1941,SUM,9.69
UK,MIN_TEMP,1941,AUT,6.11
UK,MIN_TEMP,1941,ANN,4.41
UK,MIN_TEMP,1942,JAN,-1.6
UK,MIN_TEMP,1942,FEB,-2.7
UK,MIN_TEMP,1942,MAR,0.6
UK,MIN_TEMP,1942,APR,3.3
UK,MIN_TEMP,1942,MAY,4.9
UK,MIN_TEMP,1942,JUN,7.7
UK,MIN_TEMP,1942,JUL,9.8
UK,MIN_TEMP,1942,AUG,11.1
UK,MIN_TEMP,1942,SEP,8.4
UK,MIN_TEMP,1942,OCT,6.0
UK,MIN_TEMP,1942,NOV,1.6
UK,MIN_TEMP,1942,DEC,3.2
UK,MIN_TEMP,1942,WIN,-0.63
UK,MIN_TEMP,1942,SPR,2.94
UK,MIN_TEMP,1942,SUM,9.55
UK,MIN_TEMP,1942,AUT,5.35
UK,MIN_TEMP,1942,ANN,4.41
UK,MIN_TEMP,1943,JAN,1.4
UK,MIN_TEMP,1943,FEB,2.2
UK,MIN_TEMP,1943,MAR,2.0
UK,MIN_TEMP,1943,APR,5.0
UK,MIN_TEMP,1943,MAY,5.6
UK,MIN_TEMP,1943,JUN,8.6
UK,MIN_TEMP,1943,JUL,9.9
UK,MIN_TEMP,1943,AUG,10.2
UK,MIN_TEMP,1943,SEP,7.9
UK,MIN_TEMP,1943,OCT,6.3
UK,MIN_TEMP,1943,NOV,2.7
UK,MIN_TEMP,1943,DEC,0.9
UK,MIN_TEMP,1943,WIN,2.26
UK,MIN_TEMP,1943,SPR,4.20
UK,MIN_TEMP,1943,SUM,9.58
UK,MIN_TEMP,1943,AUT,5.66
UK,MIN_TEMP,1943,ANN,5.25
UK,MIN_TEMP,1944,JAN,2.4
UK,MIN_TEMP,1944,FEB,0.2
UK,MIN_TEMP,1944,MAR,0.6
UK,MIN_TEMP,1944,APR,4.6
UK,MIN_TEMP,1944,MAY,5.2
UK,MIN_TEMP,1944,JUN,8.1
UK,MIN_TEMP,1944,JUL,11.2
UK,MIN_TEMP,1944,AUG,11.0
UK,MIN_TEMP,1944,SEP,7.2
UK,MIN_TEMP,1944,OCT,5.1
UK,MIN_TEMP,1944,NOV,2.1
UK,MIN_TEMP,1944,DEC,0.7
UK,MIN_TEMP,1944,WIN,1.18
UK,MIN_TEMP,1944,SPR,3.46
UK,MIN_TEMP,1944,SUM,10.14
UK,MIN_TEMP,1944,AUT,4.82
UK,MIN_TEMP,1944,ANN,4.90
UK,MIN_TEMP,1945,JAN,-3.1
UK,MIN_TEMP,1945,FEB,3.0
UK,MIN_TEMP,1945,MAR,3.4
UK,MIN_TEMP,1945,APR,4.2
UK,MIN_TEMP,1945,MAY,6.0
UK,MIN_TEMP,1945,JUN,8.8
UK,MIN_TEMP,1945,JUL,11.1
UK,MIN_TEMP,1945,AUG,10.4
UK,MIN_TEMP,1945,SEP,9.6
UK,MIN_TEMP,1945,OCT,7.0
UK,MIN_TEMP,1945,NOV,4.1
UK,MIN_TEMP,1945,DEC,2.0
UK,MIN_TEMP,1945,WIN,0.11
UK,MIN_TEMP,1945,SPR,4.54
UK,MIN_TEMP,1945,SUM,10.09
UK,MIN_TEMP,1945,AUT,6.89
UK,MIN_TEMP,1945,ANN,5.54
UK,MIN_TEMP,1946,JAN,-0.2
UK,MIN_TEMP,1946,FEB,2.2
UK,MIN_TEMP,1946,MAR,0.8
UK,MIN_TEMP,1946,APR,3.9
UK,MIN_TEMP,1946,MAY,4.9
UK,MIN_TEMP,1946,JUN,7.7
UK,MIN_TEMP,1946,JUL,10.5
UK,MIN_TEMP,1946,AUG,9.2
UK,MIN_TEMP,1946,SEP,9.4
UK,MIN_TEMP,1946,OCT,5.8
UK,MIN_TEMP,1946,NOV,4.3
UK,MIN_TEMP,1946,DEC,-0.3
UK,MIN_TEMP,1946,WIN,1.30
UK,MIN_TEMP,1946,SPR,3.19
UK,MIN_TEMP,1946,SUM,9.16
UK,MIN_TEMP,1946,AUT,6.48
UK,MIN_TEMP,1946,ANN,4.86
UK,MIN_TEMP,1947,JAN,-0.7
UK,MIN_TEMP,1947,FEB,-4.2
UK,MIN_TEMP,1947,MAR,-1.0
UK,MIN_TEMP,1947,APR,3.4
UK,MIN_TEMP,1947,MAY,6.8
UK,MIN_TEMP,1947,JUN,9.5
UK,MIN_TEMP,1947,JUL,11.2
UK,MIN_TEMP,1947,AUG,11.4
UK,MIN_TEMP,1947,SEP,9.1
UK,MIN_TEMP,1947,OCT,6.1
UK,MIN_TEMP,1947,NOV,3.1
UK,MIN_TEMP,1947,DEC,2.0
UK,MIN_TEMP,1947,WIN,-1.65
UK,MIN_TEMP,1947,SPR,3.08
UK,MIN_TEMP,1947,SUM,10.69
UK,MIN_TEMP,1947,AUT,6.09
UK,MIN_TEMP,1947,ANN,4.78
UK,MIN_TEMP,1948,JAN,1.2
UK,MIN_TEMP,1948,FEB,1.1
UK,MIN_TEMP,1948,MAR,2.8
UK,MIN_TEMP,1948,APR,3.4
UK,MIN_TEMP,1948,MAY,4.7
UK,MIN_TEMP,1948,JUN,8.4
UK,MIN_TEMP,1948,JUL,10.2
UK,MIN_TEMP,1948,AUG,10.0
UK,MIN_TEMP,1948,SEP,8.9
UK,MIN_TEMP,1948,OCT,5.6
UK,MIN_TEMP,1948,NOV,3.8
UK,MIN_TEMP,1948,DEC,2.3
UK,MIN_TEMP,1948,WIN,1.46
UK,MIN_TEMP,1948,SPR,3.64
UK,MIN_TEMP,1948,SUM,9.53
UK,MIN_TEMP,1948,AUT,6.06
UK,MIN_TEMP,1948,ANN,5.21
UK,MIN_TEMP,1949,JAN,1.7
UK,MIN_TEMP,1949,FEB,1.4
UK,MIN_TEMP,1949,MAR,0.8
UK,MIN_TEMP,1949,APR,4.6
UK,MIN_TEMP,1949,MAY,5.1
UK,MIN_TEMP,1949,JUN,8.2
UK,MIN_TEMP,1949,JUL,10.8
UK,MIN_TEMP,1949,AUG,10.8
UK,MIN_TEMP,1949,SEP,10.5
UK,MIN_TEMP,1949,OCT,7.3
UK,MIN_TEMP,1949,NOV,3.1
UK,MIN_TEMP,1949,DEC,2.1
UK,MIN_TEMP,1949,WIN,1.83
UK,MIN_TEMP,1949,SPR,3.50
UK,MIN_TEMP,1949,SUM,9.96
UK,MIN_TEMP,1949,AUT,6.98
UK,MIN_TEMP,1949,ANN,5.56
UK,MIN_TEMP,1950,JAN,1.5
UK,MIN_TEMP,1950,FEB,0.9
UK,MIN_TEMP,1950,MAR,2.8
UK,MIN_TEMP,1950,APR,2.5
UK,MIN_TEMP,1950,MAY,5.7
UK,MIN_TEMP,1950,JUN,9.7
UK,MIN_TEMP,1950,JUL,10.5
UK,MIN_TEMP,1950,AUG,10.2
UK,MIN_TEMP,1950,SEP,8.3
UK,MIN_TEMP,1950,OCT,5.6
UK,MIN_TEMP,1950,NOV,1.9
UK,MIN_TEMP,1950,DEC,-1.7
UK,MIN_TEMP,1950,WIN,1.49
UK,MIN_TEMP,1950,SPR,3.68
UK,MIN_TEMP,1950,SUM,10.14
UK,MIN_TEMP,1950,AUT,5.27
UK,MIN_TEMP,1950,ANN,4.85
UK,MIN_TEMP,1951,JAN,0.4
UK,MIN_TEMP,1951,FEB,-0.1
UK,MIN_TEMP,1951,MAR,0.1
UK,MIN_TEMP,1951,APR,1.6
UK,MIN_TEMP,1951,MAY,4.6
UK,MIN_TEMP,1951,JUN,7.6
UK,MIN_TEMP,1951,JUL,10.4
UK,MIN_TEMP,1951,AUG,9.8
UK,MIN_TEMP,1951,SEP,9.2
UK,MIN_TEMP,1951,OCT,5.7
UK,MIN_TEMP,1951,NOV,4.6
UK,MIN_TEMP,1951,DEC,1.9
UK,MIN_TEMP,1951,WIN,-0.45
UK,MIN_TEMP,1951,SPR,2.12
UK,MIN_TEMP,1951,SUM,9.30
UK,MIN_TEMP,1951,AUT,6.46
UK,MIN_TEMP,1951,ANN,4.68
UK,MIN_TEMP,1952,JAN,-1.1
UK,MIN_TEMP,1952,FEB,-0.3
UK,MIN_TEMP,1952,MAR,2.5
UK,MIN_TEMP,1952,APR,3.9
UK,MIN_TEMP,1952,MAY,7.2
UK,MIN_TEMP,1952,JUN,8.3
UK,MIN_TEMP,1952,JUL,10.8
UK,MIN_TEMP,1952,AUG,10.6
UK,MIN_TEMP,1952,SEP,6.2
UK,MIN_TEMP,1952,OCT,4.8
UK,MIN_TEMP,1952,NOV,0.8
UK,MIN_TEMP,1952,DEC,0.0
UK,MIN_TEMP,1952,WIN,0.17
UK,MIN_TEMP,1952,SPR,4.55
UK,MIN_TEMP,1952,SUM,9.91
UK,MIN_TEMP,1952,AUT,3.96
UK,MIN_TEMP,1952,ANN,4.50
UK,MIN_TEMP,1953,JAN,0.8
UK,MIN_TEMP,1953,FEB,1.0
UK,MIN_TEMP,1953,MAR,0.6
UK,MIN_TEMP,1953,APR,1.9
UK,MIN_TEMP,1953,MAY,6.8
UK,MIN_TEMP,1953,JUN,8.9
UK,MIN_TEMP,1953,JUL,10.3
UK,MIN_TEMP,1953,AUG,10.4
UK,MIN_TEMP,1953,SEP,9.1
UK,MIN_TEMP,1953,OCT,5.8
UK,MIN_TEMP,1953,NOV,4.9
UK,MIN_TEMP,1953,DEC,3.7
UK,MIN_TEMP,1953,WIN,0.57
UK,MIN_TEMP,1953,SPR,3.13
UK,MIN_TEMP,1953,SUM,9.90
UK,MIN_TEMP,1953,AUT,6.61
UK,MIN_TEMP,1953,ANN,5.39
UK,MIN_TEMP,1954,JAN,0.2
UK,MIN_TEMP,1954,FEB,-0.9
UK,MIN_TEMP,1954,MAR,1.5
UK,MIN_TEMP,1954,APR,2.2
UK,MIN_TEMP,1954,MAY,6.1
UK,MIN_TEMP,1954,JUN,8.5
UK,MIN_TEMP,1954,JUL,9.4
UK,MIN_TEMP,1954,AUG,9.7
UK,MIN_TEMP,1954,SEP,7.5
UK,MIN_TEMP,1954,OCT,7.3
UK,MIN_TEMP,1954,NOV,2.8
UK,MIN_TEMP,1954,DEC,3.1
UK,MIN_TEMP,1954,WIN,1.03
UK,MIN_TEMP,1954,SPR,3.24
UK,MIN_TEMP,1954,SUM,9.21
UK,MIN_TEMP,1954,AUT,5.91
UK,MIN_TEMP,1954,ANN,4.82
UK,MIN_TEMP,1955,JAN,-0.7
UK,MIN_TEMP,1955,FEB,-2.6
UK,MIN_TEMP,1955,MAR,-1.1
UK,MIN_TEMP,1955,APR,3.9
UK,MIN_TEMP,1955,MAY,4.3
UK,MIN_TEMP,1955,JUN,8.2
UK,MIN_TEMP,1955,JUL,10.7
UK,MIN_TEMP,1955,AUG,11.6
UK,MIN_TEMP,1955,SEP,9.0
UK,MIN_TEMP,1955,OCT,4.5
UK,MIN_TEMP,1955,NOV,3.8
UK,MIN_TEMP,1955,DEC,1.6
UK,MIN_TEMP,1955,WIN,0.03
UK,MIN_TEMP,1955,SPR,2.36
UK,MIN_TEMP,1955,SUM,10.19
UK,MIN_TEMP,1955,AUT,5.73
UK,MIN_TEMP,1955,ANN,4.47
UK,MIN_TEMP,1956,JAN,-0.1
UK,MIN_TEMP,1956,FEB,-3.3
UK,MIN_TEMP,1956,MAR,1.6
UK,MIN_TEMP,1956,APR,1.3
UK,MIN_TEMP,1956,MAY,5.8
UK,MIN_TEMP,1956,JUN,7.7
UK,MIN_TEMP,1956,JUL,10.5
UK,MIN_TEMP,1956,AUG,8.5
UK,MIN_TEMP,1956,SEP,9.6
UK,MIN_TEMP,1956,OCT,5.4
UK,MIN_TEMP,1956,NOV,2.9
UK,MIN_TEMP,1956,DEC,2.9
UK,MIN_TEMP,1956,WIN,-0.50
UK,MIN_TEMP,1956,SPR,2.93
UK,MIN_TEMP,1956,SUM,8.91
UK,MIN_TEMP,1956,AUT,5.96
UK,MIN_TEMP,1956,ANN,4.44
UK,MIN_TEMP,1957,JAN,1.6
UK,MIN_TEMP,1957,FEB,0.8
UK,MIN_TEMP,1957,MAR,4.7
UK,MIN_TEMP,1957,APR,3.5
UK,MIN_TEMP,1957,MAY,4.7
UK,MIN_TEMP,1957,JUN,8.0
UK,MIN_TEMP,1957,JUL,11.2
UK,MIN_TEMP,1957,AUG,10.4
UK,MIN_TEMP,1957,SEP,7.9
UK,MIN_TEMP,1957,OCT,6.3
UK,MIN_TEMP,1957,NOV,3.3
UK,MIN_TEMP,1957,DEC,1.0
UK,MIN_TEMP,1957,WIN,1.79
UK,MIN_TEMP,1957,SPR,4.30
UK,MIN_TEMP,1957,SUM,9.87
UK,MIN_TEMP,1957,AUT,5.85
UK,MIN_TEMP,1957,ANN,5.31
UK,MIN_TEMP,1958,JAN,-0.4
UK,MIN_TEMP,1958,FEB,0.4
UK,MIN_TEMP,1958,MAR,-0.5
UK,MIN_TEMP,1958,APR,2.4
UK,MIN_TEMP,1958,MAY,5.2
UK,MIN_TEMP,1958,JUN,8.3
UK,MIN_TEMP,1958,JUL,10.5
UK,MIN_TEMP,1958,AUG,10.7
UK,MIN_TEMP,1958,SEP,10.2
UK,MIN_TEMP,1958,OCT,6.8
UK,MIN_TEMP,1958,NOV,3.1
UK,MIN_TEMP,1958,DEC,1.1
UK,MIN_TEMP,1958,WIN,0.32
UK,MIN_TEMP,1958,SPR,2.38
UK,MIN_TEMP,1958,SUM,9.86
UK,MIN_TEMP,1958,AUT,6.69
UK,MIN_TEMP,1958,ANN,4.84
UK,MIN_TEMP,1959,JAN,-2.1
UK,MIN_TEMP,1959,FEB,0.7
UK,MIN_TEMP,1959,MAR,2.9
UK,MIN_TEMP,1959,APR,4.2
UK,MIN_TEMP,1959,MAY,6.3
UK,MIN_TEMP,1959,JUN,8.9
UK,MIN_TEMP,1959,JUL,10.8
UK,MIN_TEMP,1959,AUG,11.2
UK,MIN_TEMP,1959,SEP,8.3
UK,MIN_TEMP,1959,OCT,7.4
UK,MIN_TEMP,1959,NOV,3.3
UK,MIN_TEMP,1959,DEC,2.1
UK,MIN_TEMP,1959,WIN,-0.15
UK,MIN_TEMP,1959,SPR,4.45
UK,MIN_TEMP,1959,SUM,10.32
UK,MIN_TEMP,1959,AUT,6.34
UK,MIN_TEMP,1959,ANN,5.35
UK,MIN_TEMP,1960,JAN,0.4
UK,MIN_TEMP,1960,FEB,-0.5
UK,MIN_TEMP,1960,MAR,2.5
UK,MIN_TEMP,1960,APR,3.9
UK,MIN_TEMP,1960,MAY,6.8
UK,MIN_TEMP,1960,JUN,9.6
UK,MIN_TEMP,1960,JUL,9.9
UK,MIN_TEMP,1960,AUG,9.7
UK,MIN_TEMP,1960,SEP,8.1
UK,MIN_TEMP,1960,OCT,6.5
UK,MIN_TEMP,1960,NOV,3.1
UK,MIN_TEMP,1960,DEC,0.3
UK,MIN_TEMP,1960,WIN,0.70
UK,MIN_TEMP,1960,SPR,4.40
UK,MIN_TEMP,1960,SUM,9.71
UK,MIN_TEMP,1960,AUT,5.92
UK,MIN_TEMP,1960,ANN,5.04
UK,MIN_TEMP,1961,JAN,0.0
UK,MIN_TEMP,1961,FEB,3.0
UK,MIN_TEMP,1961,MAR,3.4
UK,MIN_TEMP,1961,APR,4.8
UK,MIN_TEMP,1961,MAY,5.4
UK,MIN_TEMP,1961,JUN,8.4
UK,MIN_TEMP,1961,JUL,9.7
UK,MIN_TEMP,1961,AUG,10.0
UK,MIN_TEMP,1961,SEP,9.6
UK,MIN_TEMP,1961,OCT,6.4
UK,MIN_TEMP,1961,NOV,2.4
UK,MIN_TEMP,1961,DEC,-1.3
UK,MIN_TEMP,1961,WIN,1.07
UK,MIN_TEMP,1961,SPR,4.54
UK,MIN_TEMP,1961,SUM,9.36
UK,MIN_TEMP,1961,AUT,6.13
UK,MIN_TEMP,1961,ANN,5.16
UK,MIN_TEMP,1962,JAN,0.6
UK,MIN_TEMP,1962,FEB,0.8
UK,MIN_TEMP,1962,MAR,-1.7
UK,MIN_TEMP,1962,APR,2.5
UK,MIN_TEMP,1962,MAY,5.1
UK,MIN_TEMP,1962,JUN,7.6
UK,MIN_TEMP,1962,JUL,9.4
UK,MIN_TEMP,1962,AUG,9.4
UK,MIN_TEMP,1962,SEP,8.0
UK,MIN_TEMP,1962,OCT,6.2
UK,MIN_TEMP,1962,NOV,2.0
UK,MIN_TEMP,1962,DEC,-0.9
UK,MIN_TEMP,1962,WIN,0.01
UK,MIN_TEMP,1962,SPR,1.95
UK,MIN_TEMP,1962,SUM,8.80
UK,MIN_TEMP,1962,AUT,5.42
UK,MIN_TEMP,1962,ANN,4.10
UK,MIN_TEMP,1963,JAN,-4.4
UK,MIN_TEMP,1963,FEB,-4.0
UK,MIN_TEMP,1963,MAR,1.6
UK,MIN_TEMP,1963,APR,3.6
UK,MIN_TEMP,1963,MAY,5.1
UK,MIN_TEMP,1963,JUN,9.2
UK,MIN_TEMP,1963,JUL,9.4
UK,MIN_TEMP,1963,AUG,9.5
UK,MIN_TEMP,1963,SEP,8.0
UK,MIN_TEMP,1963,OCT,6.5
UK,MIN_TEMP,1963,NOV,3.9
UK,MIN_TEMP,1963,DEC,-0.2
UK,MIN_TEMP,1963,WIN,-3.07
UK,MIN_TEMP,1963,SPR,3.42
UK,MIN_TEMP,1963,SUM,9.35
UK,MIN_TEMP,1963,AUT,6.14
UK,MIN_TEMP,1963,ANN,4.05
UK,MIN_TEMP,1964,JAN,0.6
UK,MIN_TEMP,1964,FEB,1.0
UK,MIN_TEMP,1964,MAR,1.1
UK,MIN_TEMP,1964,APR,4.1
UK,MIN_TEMP,1964,MAY,7.3
UK,MIN_TEMP,1964,JUN,8.5
UK,MIN_TEMP,1964,JUL,10.4
UK,MIN_TEMP,1964,AUG,9.7
UK,MIN_TEMP,1964,SEP,8.2
UK,MIN_TEMP,1964,OCT,4.3
UK,MIN_TEMP,1964,NOV,3.5
UK,MIN_TEMP,1964,DEC,-0.3
UK,MIN_TEMP,1964,WIN,0.48
UK,MIN_TEMP,1964,SPR,4.16
UK,MIN_TEMP,1964,SUM,9.53
UK,MIN_TEMP,1964,AUT,5.33
UK,MIN_TEMP,1964,ANN,4.88
UK,MIN_TEMP,1965,JAN,-0.2
UK,MIN_TEMP,1965,FEB,0.0
UK,MIN_TEMP,1965,MAR,0.3
UK,MIN_TEMP,1965,APR,2.8
UK,MIN_TEMP,1965,MAY,6.2
UK,MIN_TEMP,1965,JUN,8.7
UK,MIN_TEMP,1965,JUL,8.8
UK,MIN_TEMP,1965,AUG,9.4
UK,MIN_TEMP,1965,SEP,7.8
UK,MIN_TEMP,1965,OCT,6.4
UK,MIN_TEMP,1965,NOV,0.8
UK,MIN_TEMP,1965,DEC,0.5
UK,MIN_TEMP,1965,WIN,-0.16
UK,MIN_TEMP,1965,SPR,3.11
UK,MIN_TEMP,1965,SUM,8.98
UK,MIN_TEMP,1965,AUT,5.01
UK,MIN_TEMP,1965,ANN,4.33
UK,MIN_TEMP,1966,JAN,0.0
UK,MIN_TEMP,1966,FEB,1.7
UK,MIN_TEMP,1966,MAR,2.3
UK,MIN_TEMP,1966,APR,2.7
UK,MIN_TEMP,1966,MAY,5.3
UK,MIN_TEMP,1966,JUN,9.8
UK,MIN_TEMP,1966,JUL,9.6
UK,MIN_TEMP,1966,AUG,9.2
UK,MIN_TEMP,1966,SEP,9.1
UK,MIN_TEMP,1966,OCT,5.7
UK,MIN_TEMP,1966,NOV,1.7
UK,MIN_TEMP,1966,DEC,1.4
UK,MIN_TEMP,1966,WIN,0.69
UK,MIN_TEMP,1966,SPR,3.42
UK,MIN_TEMP,1966,SUM,9.54
UK,MIN_TEMP,1966,AUT,5.51
UK,MIN_TEMP,1966,ANN,4.88
UK,MIN_TEMP,1967,JAN,1.3
UK,MIN_TEMP,1967,FEB,1.8
UK,MIN_TEMP,1967,MAR,2.7
UK,MIN_TEMP,1967,APR,3.1
UK,MIN_TEMP,1967,MAY,5.1
UK,MIN_TEMP,1967,JUN,8.1
UK,MIN_TEMP,1967,JUL,10.7
UK,MIN_TEMP,1967,AUG,10.2
UK,MIN_TEMP,1967,SEP,8.9
UK,MIN_TEMP,1967,OCT,6.3
UK,MIN_TEMP,1967,NOV,1.8
UK,MIN_TEMP,1967,DEC,1.0
UK,MIN_TEMP,1967,WIN,1.45
UK,MIN_TEMP,1967,SPR,3.66
UK,MIN_TEMP,1967,SUM,9.67
UK,MIN_TEMP,1967,AUT,5.67
UK,MIN_TEMP,1967,ANN,5.10
UK,MIN_TEMP,1968,JAN,0.8
UK,MIN_TEMP,1968,FEB,-1.7
UK,MIN_TEMP,1968,MAR,1.8
UK,MIN_TEMP,1968,APR,2.6
UK,MIN_TEMP,1968,MAY,4.4
UK,MIN_TEMP,1968,JUN,8.8
UK,MIN_TEMP,1968,JUL,9.7
UK,MIN_TEMP,1968,AUG,10.1
UK,MIN_TEMP,1968,SEP,9.1
UK,MIN_TEMP,1968,OCT,8.4
UK,MIN_TEMP,1968,NOV,3.2
UK,MIN_TEMP,1968,DEC,0.3
UK,MIN_TEMP,1968,WIN,0.08
UK,MIN_TEMP,1968,SPR,2.94
UK,MIN_TEMP,1968,SUM,9.54
UK,MIN_TEMP,1968,AUT,6.93
UK,MIN_TEMP,1968,ANN,4.82
UK,MIN_TEMP,1969,JAN,1.9
UK,MIN_TEMP,1969,FEB,-2.5
UK,MIN_TEMP,1969,MAR,-0.4
UK,MIN_TEMP,1969,APR,2.0
UK,MIN_TEMP,1969,MAY,5.9
UK,MIN_TEMP,1969,JUN,7.9
UK,MIN_TEMP,1969,JUL,10.8
UK,MIN_TEMP,1969,AUG,11.2
UK,MIN_TEMP,1969,SEP,9.0
UK,MIN_TEMP,1969,OCT,8.4
UK,MIN_TEMP,1969,NOV,1.0
UK,MIN_TEMP,1969,DEC,0.2
UK,MIN_TEMP,1969,WIN,-0.01
UK,MIN_TEMP,1969,SPR,2.53
UK,MIN_TEMP,1969,SUM,9.96
UK,MIN_TEMP,1969,AUT,6.13
UK,MIN_TEMP,1969,ANN,4.66
UK,MIN_TEMP,1970,JAN,0.4
UK,MIN_TEMP,1970,FEB,-1.2
UK,MIN_TEMP,1970,MAR,-0.4
UK,MIN_TEMP,1970,APR,1.9
UK,MIN_TEMP,1970,MAY,7.0
UK,MIN_TEMP,1970,JUN,9.7
UK,MIN_TEMP,1970,JUL,9.8
UK,MIN_TEMP,1970,AUG,10.5
UK,MIN_TEMP,1970,SEP,9.2
UK,MIN_TEMP,1970,OCT,6.2
UK,MIN_TEMP,1970,NOV,3.5
UK,MIN_TEMP,1970,DEC,1.2
UK,MIN_TEMP,1970,WIN,-0.18
UK,MIN_TEMP,1970,SPR,2.85
UK,MIN_TEMP,1970,SUM,10.00
UK,MIN_TEMP,1970,AUT,6.31
UK,MIN_TEMP,1970,ANN,4.85
UK,MIN_TEMP,1971,JAN,1.4
UK,MIN_TEMP,1971,FEB,1.1
UK,MIN_TEMP,1971,MAR,1.2
UK,MIN_TEMP,1971,APR,2.9
UK,MIN_TEMP,1971,MAY,5.6
UK,MIN_TEMP,1971,JUN,7.4
UK,MIN_TEMP,1971,JUL,10.5
UK,MIN_TEMP,1971,AUG,10.5
UK,MIN_TEMP,1971,SEP,8.6
UK,MIN_TEMP,1971,OCT,6.6
UK,MIN_TEMP,1971,NOV,2.1
UK,MIN_TEMP,1971,DEC,3.7
UK,MIN_TEMP,1971,WIN,1.24
UK,MIN_TEMP,1971,SPR,3.25
UK,MIN_TEMP,1971,SUM,9.49
UK,MIN_TEMP,1971,AUT,5.79
UK,MIN_TEMP,1971,ANN,5.17
UK,MIN_TEMP,1972,JAN,0.9
UK,MIN_TEMP,1972,FEB,0.9
UK,MIN_TEMP,1972,MAR,1.6
UK,MIN_TEMP,1972,APR,3.8
UK,MIN_TEMP,1972,MAY,5.7
UK,MIN_TEMP,1972,JUN,6.7
UK,MIN_TEMP,1972,JUL,9.8
UK,MIN_TEMP,1972,AUG,9.4
UK,MIN_TEMP,1972,SEP,6.6
UK,MIN_TEMP,1972,OCT,6.0
UK,MIN_TEMP,1972,NOV,2.2
UK,MIN_TEMP,1972,DEC,2.1
UK,MIN_TEMP,1972,WIN,1.85
UK,MIN_TEMP,1972,SPR,3.68
UK,MIN_TEMP,1972,SUM,8.66
UK,MIN_TEMP,1972,AUT,4.94
UK,MIN_TEMP,1972,ANN,4.66
UK,MIN_TEMP,1973,JAN,1.6
UK,MIN_TEMP,1973,FEB,0.3
UK,MIN_TEMP,1973,MAR,1.3
UK,MIN_TEMP,1973,APR,2.1
UK,MIN_TEMP,1973,MAY,5.9
UK,MIN_TEMP,1973,JUN,8.8
UK,MIN_TEMP,1973,JUL,10.3
UK,MIN_TEMP,1973,AUG,10.6
UK,MIN_TEMP,1973,SEP,9.0
UK,MIN_TEMP,1973,OCT,4.7
UK,MIN_TEMP,1973,NOV,1.9
UK,MIN_TEMP,1973,DEC,1.0
UK,MIN_TEMP,1973,WIN,1.36
UK,MIN_TEMP,1973,SPR,3.12
UK,MIN_TEMP,1973,SUM,9.90
UK,MIN_TEMP,1973,AUT,5.21
UK,MIN_TEMP,1973,ANN,4.83
UK,MIN_TEMP,1974,JAN,2.3
UK,MIN_TEMP,1974,FEB,1.8
UK,MIN_TEMP,1974,MAR,1.3
UK,MIN_TEMP,1974,APR,2.5
UK,MIN_TEMP,1974,MAY,5.5
UK,MIN_TEMP,1974,JUN,8.0
UK,MIN_TEMP,1974,JUL,9.8
UK,MIN_TEMP,1974,AUG,9.6
UK,MIN_TEMP,1974,SEP,7.2
UK,MIN_TEMP,1974,OCT,4.0
UK,MIN_TEMP,1974,NOV,2.8
UK,MIN_TEMP,1974,DEC,4.1
UK,MIN_TEMP,1974,WIN,1.71
UK,MIN_TEMP,1974,SPR,3.11
UK,MIN_TEMP,1974,SUM,9.15
UK,MIN_TEMP,1974,AUT,4.69
UK,MIN_TEMP,1974,ANN,4.94
UK,MIN_TEMP,1975,JAN,2.5
UK,MIN_TEMP,1975,FEB,0.9
UK,MIN_TEMP,1975,MAR,0.8
UK,MIN_TEMP,1975,APR,3.5
UK,MIN_TEMP,1975,MAY,4.4
UK,MIN_TEMP,1975,JUN,7.8
UK,MIN_TEMP,1975,JUL,11.2
UK,MIN_TEMP,1975,AUG,11.9
UK,MIN_TEMP,1975,SEP,7.9
UK,MIN_TEMP,1975,OCT,5.9
UK,MIN_TEMP,1975,NOV,2.3
UK,MIN_TEMP,1975,DEC,2.1
UK,MIN_TEMP,1975,WIN,2.57
UK,MIN_TEMP,1975,SPR,2.89
UK,MIN_TEMP,1975,SUM,10.33
UK,MIN_TEMP,1975,AUT,5.35
UK,MIN_TEMP,1975,ANN,5.12
UK,MIN_TEMP,1976,JAN,2.1
UK,MIN_TEMP,1976,FEB,1.3
UK,MIN_TEMP,1976,MAR,0.8
UK,MIN_TEMP,1976,APR,3.1
UK,MIN_TEMP,1976,MAY,6.3
UK,MIN_TEMP,1976,JUN,10.0
UK,MIN_TEMP,1976,JUL,11.4
UK,MIN_TEMP,1976,AUG,10.1
UK,MIN_TEMP,1976,SEP,8.6
UK,MIN_TEMP,1976,OCT,6.5
UK,MIN_TEMP,1976,NOV,2.3
UK,MIN_TEMP,1976,DEC,-1.1
UK,MIN_TEMP,1976,WIN,1.82
UK,MIN_TEMP,1976,SPR,3.43
UK,MIN_TEMP,1976,SUM,10.51
UK,MIN_TEMP,1976,AUT,5.81
UK,MIN_TEMP,1976,ANN,5.13
UK,MIN_TEMP,1977,JAN,-0.6
UK,MIN_TEMP,1977,FEB,1.0
UK,MIN_TEMP,1977,MAR,2.8
UK,MIN_TEMP,1977,APR,2.5
UK,MIN_TEMP,1977,MAY,4.7
UK,MIN_TEMP,1977,JUN,7.1
UK,MIN_TEMP,1977,JUL,10.3
UK,MIN_TEMP,1977,AUG,9.8
UK,MIN_TEMP,1977,SEP,8.3
UK,MIN_TEMP,1977,OCT,7.6
UK,MIN_TEMP,1977,NOV,2.3
UK,MIN_TEMP,1977,DEC,2.8
UK,MIN_TEMP,1977,WIN,-0.29
UK,MIN_TEMP,1977,SPR,3.33
UK,MIN_TEMP,1977,SUM,9.11
UK,MIN_TEMP,1977,AUT,6.07
UK,MIN_TEMP,1977,ANN,4.91
UK,MIN_TEMP,1978,JAN,-0.3
UK,MIN_TEMP,1978,FEB,-1.4
UK,MIN_TEMP,1978,MAR,2.2
UK,MIN_TEMP,1978,APR,2.1
UK,MIN_TEMP,1978,MAY,5.8
UK,MIN_TEMP,1978,JUN,8.3
UK,MIN_TEMP,1978,JUL,9.6
UK,MIN_TEMP,1978,AUG,10.2
UK,MIN_TEMP,1978,SEP,9.2
UK,MIN_TEMP,1978,OCT,7.6
UK,MIN_TEMP,1978,NOV,4.3
UK,MIN_TEMP,1978,DEC,1.1
UK,MIN_TEMP,1978,WIN,0.45
UK,MIN_TEMP,1978,SPR,3.36
UK,MIN_TEMP,1978,SUM,9.34
UK,MIN_TEMP,1978,AUT,7.03
UK,MIN_TEMP,1978,ANN,4.91
UK,MIN_TEMP,1979,JAN,-3.6
UK,MIN_TEMP,1979,FEB,-1.9
UK,MIN_TEMP,1979,MAR,0.4
UK,MIN_TEMP,1979,APR,2.9
UK,MIN_TEMP,1979,MAY,4.4
UK,MIN_TEMP,1979,JUN,8.6
UK,MIN_TEMP,1979,JUL,10.3
UK,MIN_TEMP,1979,AUG,9.5
UK,MIN_TEMP,1979,SEP,8.0
UK,MIN_TEMP,1979,OCT,7.0
UK,MIN_TEMP,1979,NOV,2.4
UK,MIN_TEMP,1979,DEC,2.0
UK,MIN_TEMP,1979,WIN,-1.46
UK,MIN_TEMP,1979,SPR,2.57
UK,MIN_TEMP,1979,SUM,9.45
UK,MIN_TEMP,1979,AUT,5.81
UK,MIN_TEMP,1979,ANN,4.20
UK,MIN_TEMP,1980,JAN,-0.9
UK,MIN_TEMP,1980,FEB,1.8
UK,MIN_TEMP,1980,MAR,0.7
UK,MIN_TEMP,1980,APR,3.4
UK,MIN_TEMP,1980,MAY,5.0
UK,MIN_TEMP,1980,JUN,8.7
UK,MIN_TEMP,1980,JUL,9.5
UK,MIN_TEMP,1980,AUG,10.7
UK,MIN_TEMP,1980,SEP,9.9
UK,MIN_TEMP,1980,OCT,4.6
UK,MIN_TEMP,1980,NOV,3.1
UK,MIN_TEMP,1980,DEC,1.9
UK,MIN_TEMP,1980,WIN,0.98
UK,MIN_TEMP,1980,SPR,3.02
UK,MIN_TEMP,1980,SUM,9.66
UK,MIN_TEMP,1980,AUT,5.83
UK,MIN_TEMP,1980,ANN,4.87
UK,MIN_TEMP,1981,JAN,0.9
UK,MIN_TEMP,1981,FEB,-0.3
UK,MIN_TEMP,1981,MAR,3.4
UK,MIN_TEMP,1981,APR,2.7
UK,MIN_TEMP,1981,MAY,6.3
UK,MIN_TEMP,1981,JUN,8.4
UK,MIN_TEMP,1981,JUL,10.3
UK,MIN_TEMP,1981,AUG,10.5
UK,MIN_TEMP,1981,SEP,9.2
UK,MIN_TEMP,1981,OCT,3.6
UK,MIN_TEMP,1981,NOV,3.6
UK,MIN_TEMP,1981,DEC,-3.0
UK,MIN_TEMP,1981,WIN,0.89
UK,MIN_TEMP,1981,SPR,4.16
UK,MIN_TEMP,1981,SUM,9.73
UK,MIN_TEMP,1981,AUT,5.42
UK,MIN_TEMP,1981,ANN,4.66
UK,MIN_TEMP,1982,JAN,-0.8
UK,MIN_TEMP,1982,FEB,1.4
UK,MIN_TEMP,1982,MAR,1.4
UK,MIN_TEMP,1982,APR,3.3
UK,MIN_TEMP,1982,MAY,5.2
UK,MIN_TEMP,1982,JUN,9.7
UK,MIN_TEMP,1982,JUL,10.7
UK,MIN_TEMP,1982,AUG,10.6
UK,MIN_TEMP,1982,SEP,8.6
UK,MIN_TEMP,1982,OCT,6.2
UK,MIN_TEMP,1982,NOV,4.0
UK,MIN_TEMP,1982,DEC,0.5
UK,MIN_TEMP,1982,WIN,-0.88
UK,MIN_TEMP,1982,SPR,3.30
UK,MIN_TEMP,1982,SUM,10.32
UK,MIN_TEMP,1982,AUT,6.25
UK,MIN_TEMP,1982,ANN,5.07
UK,MIN_TEMP,1983,JAN,2.7
UK,MIN_TEMP,1983,FEB,-1.4
UK,MIN_TEMP,1983,MAR,2.6
UK,MIN_TEMP,1983,APR,1.7
UK,MIN_TEMP,1983,MAY,5.4
UK,MIN_TEMP,1983,JUN,8.6
UK,MIN_TEMP,1983,JUL,12.1
UK,MIN_TEMP,1983,AUG,11.2
UK,MIN_TEMP,1983,SEP,8.9
UK,MIN_TEMP,1983,OCT,6.0
UK,MIN_TEMP,1983,NOV,4.0
UK,MIN_TEMP,1983,DEC,2.3
UK,MIN_TEMP,1983,WIN,0.66
UK,MIN_TEMP,1983,SPR,3.24
UK,MIN_TEMP,1983,SUM,10.64
UK,MIN_TEMP,1983,AUT,6.27
UK,MIN_TEMP,1983,ANN,5.38
UK,MIN_TEMP,1984,JAN,-0.5
UK,MIN_TEMP,1984,FEB,0.5
UK,MIN_TEMP,1984,MAR,1.1
UK,MIN_TEMP,1984,APR,2.3
UK,MIN_TEMP,1984,MAY,4.4
UK,MIN_TEMP,1984,JUN,8.8
UK,MIN_TEMP,1984,JUL,10.2
UK,MIN_TEMP,1984,AUG,11.1
UK,MIN_TEMP,1984,SEP,8.8
UK,MIN_TEMP,1984,OCT,6.4
UK,MIN_TEMP,1984,NOV,4.4
UK,MIN_TEMP,1984,DEC,1.9
UK,MIN_TEMP,1984,WIN,0.75
UK,MIN_TEMP,1984,SPR,2.59
UK,MIN_TEMP,1984,SUM,10.03
UK,MIN_TEMP,1984,AUT,6.53
UK,MIN_TEMP,1984,ANN,4.95
UK,MIN_TEMP,1985,JAN,-2.4
UK,MIN_TEMP,1985,FEB,-0.9
UK,MIN_TEMP,1985,MAR,0.4
UK,MIN_TEMP,1985,APR,3.5
UK,MIN_TEMP,1985,MAY,5.6
UK,MIN_TEMP,1985,JUN,7.3
UK,MIN_TEMP,1985,JUL,10.7
UK,MIN_TEMP,1985,AUG,9.8
UK,MIN_TEMP,1985,SEP,9.1
UK,MIN_TEMP,1985,OCT,6.7
UK,MIN_TEMP,1985,NOV,0.1
UK,MIN_TEMP,1985,DEC,2.6
UK,MIN_TEMP,1985,WIN,-0.46
UK,MIN_TEMP,1985,SPR,3.17
UK,MIN_TEMP,1985,SUM,9.29
UK,MIN_TEMP,1985,AUT,5.30
UK,MIN_TEMP,1985,ANN,4.41
UK,MIN_TEMP,1986,JAN,-0.1
UK,MIN_TEMP,1986,FEB,-3.6
UK,MIN_TEMP,1986,MAR,0.8
UK,MIN_TEMP,1986,APR,1.3
UK,MIN_TEMP,1986,MAY,6.1
UK,MIN_TEMP,1986,JUN,8.7
UK,MIN_TEMP,1986,JUL,10.4
UK,MIN_TEMP,1986,AUG,8.6
UK,MIN_TEMP,1986,SEP,6.0
UK,MIN_TEMP,1986,OCT,6.3
UK,MIN_TEMP,1986,NOV,3.6
UK,MIN_TEMP,1986,DEC,2.0
UK,MIN_TEMP,1986,WIN,-0.23
UK,MIN_TEMP,1986,SPR,2.74
UK,MIN_TEMP,1986,SUM,9.22
UK,MIN_TEMP,1986,AUT,5.30
UK,MIN_TEMP,1986,ANN,4.23
UK,MIN_TEMP,1987,JAN,-1.8
UK,MIN_TEMP,1987,FEB,-0.2
UK,MIN_TEMP,1987,MAR,0.2
UK,MIN_TEMP,1987,APR,4.6
UK,MIN_TEMP,1987,MAY,4.9
UK,MIN_TEMP,1987,JUN,7.7
UK,MIN_TEMP,1987,JUL,10.7
UK,MIN_TEMP,1987,AUG,10.3
UK,MIN_TEMP,1987,SEP,8.4
UK,MIN_TEMP,1987,OCT,5.0
UK,MIN_TEMP,1987,NOV,3.4
UK,MIN_TEMP,1987,DEC,2.4
UK,MIN_TEMP,1987,WIN,0.01
UK,MIN_TEMP,1987,SPR,3.19
UK,MIN_TEMP,1987,SUM,9.57
UK,MIN_TEMP,1987,AUT,5.61
UK,MIN_TEMP,1987,ANN,4.65
UK,MIN_TEMP,1988,JAN,1.6
UK,MIN_TEMP,1988,FEB,1.1
UK,MIN_TEMP,1988,MAR,2.0
UK,MIN_TEMP,1988,APR,3.3
UK,MIN_TEMP,1988,MAY,6.1
UK,MIN_TEMP,1988,JUN,9.1
UK,MIN_TEMP,1988,JUL,10.2
UK,MIN_TEMP,1988,AUG,10.0
UK,MIN_TEMP,1988,SEP,8.7
UK,MIN_TEMP,1988,OCT,6.3
UK,MIN_TEMP,1988,NOV,1.6
UK,MIN_TEMP,1988,DEC,4.2
UK,MIN_TEMP,1988,WIN,1.71
UK,MIN_TEMP,1988,SPR,3.82
UK,MIN_TEMP,1988,SUM,9.79
UK,MIN_TEMP,1988,AUT,5.52
UK,MIN_TEMP,1988,ANN,5.37
UK,MIN_TEMP,1989,JAN,3.1
UK,MIN_TEMP,1989,FEB,1.7
UK,MIN_TEMP,1989,MAR,2.4
UK,MIN_TEMP,1989,APR,1.9
UK,MIN_TEMP,1989,MAY,6.5
UK,MIN_TEMP,1989,JUN,8.0
UK,MIN_TEMP,1989,JUL,11.4
UK,MIN_TEMP,1989,AUG,10.5
UK,MIN_TEMP,1989,SEP,9.0
UK,MIN_TEMP,1989,OCT,7.3
UK,MIN_TEMP,1989,NOV,2.8
UK,MIN_TEMP,1989,DEC,1.0
UK,MIN_TEMP,1989,WIN,3.03
UK,MIN_TEMP,1989,SPR,3.62
UK,MIN_TEMP,1989,SUM,9.99
UK,MIN_TEMP,1989,AUT,6.37
UK,MIN_TEMP,1989,ANN,5.49
UK,MIN_TEMP,1990,JAN,2.8
UK,MIN_TEMP,1990,FEB,3.1
UK,MIN_TEMP,1990,MAR,3.8
UK,MIN_TEMP,1990,APR,2.5
UK,MIN_TEMP,1990,MAY,6.2
UK,MIN_TEMP,1990,JUN,8.6
UK,MIN_TEMP,1990,JUL,10.3
UK,MIN_TEMP,1990,AUG,11.7
UK,MIN_TEMP,1990,SEP,7.7
UK,MIN_TEMP,1990,OCT,7.6
UK,MIN_TEMP,1990,NOV,3.2
UK,MIN_TEMP,1990,DEC,1.1
UK,MIN_TEMP,1990,WIN,2.26
UK,MIN_TEMP,1990,SPR,4.20
UK,MIN_TEMP,1990,SUM,10.23
UK,MIN_TEMP,1990,AUT,6.19
UK,MIN_TEMP,1990,ANN,5.75
UK,MIN_TEMP,1991,JAN,-0.1
UK,MIN_TEMP,1991,FEB,-1.7
UK,MIN_TEMP,1991,MAR,3.3
UK,MIN_TEMP,1991,APR,3.3
UK,MIN_TEMP,1991,MAY,6.0
UK,MIN_TEMP,1991,JUN,7.2
UK,MIN_TEMP,1991,JUL,11.9
UK,MIN_TEMP,1991,AUG,11.2
UK,MIN_TEMP,1991,SEP,8.5
UK,MIN_TEMP,1991,OCT,6.1
UK,MIN_TEMP,1991,NOV,2.9
UK,MIN_TEMP,1991,DEC,1.5
UK,MIN_TEMP,1991,WIN,-0.19
UK,MIN_TEMP,1991,SPR,4.20
UK,MIN_TEMP,1991,SUM,10.14
UK,MIN_TEMP,1991,AUT,5.82
UK,MIN_TEMP,1991,ANN,5.05
UK,MIN_TEMP,1992,JAN,0.7
UK,MIN_TEMP,1992,FEB,1.7
UK,MIN_TEMP,1992,MAR,3.2
UK,MIN_TEMP,1992,APR,3.9
UK,MIN_TEMP,1992,MAY,7.1
UK,MIN_TEMP,1992,JUN,9.6
UK,MIN_TEMP,1992,JUL,10.8
UK,MIN_TEMP,1992,AUG,10.1
UK,MIN_TEMP,1992,SEP,8.5
UK,MIN_TEMP,1992,OCT,3.4
UK,MIN_TEMP,1992,NOV,3.0
UK,MIN_TEMP,1992,DEC,0.5
UK,MIN_TEMP,1992,WIN,1.26
UK,MIN_TEMP,1992,SPR,4.72
UK,MIN_TEMP,1992,SUM,10.17
UK,MIN_TEMP,1992,AUT,4.97
UK,MIN_TEMP,1992,ANN,5.21
UK,MIN_TEMP,1993,JAN,1.8
UK,MIN_TEMP,1993,FEB,2.3
UK,MIN_TEMP,1993,MAR,2.1
UK,MIN_TEMP,1993,APR,4.7
UK,MIN_TEMP,1993,MAY,5.9
UK,MIN_TEMP,1993,JUN,9.2
UK,MIN_TEMP,1993,JUL,10.0
UK,MIN_TEMP,1993,AUG,9.0
UK,MIN_TEMP,1993,SEP,7.6
UK,MIN_TEMP,1993,OCT,4.1
UK,MIN_TEMP,1993,NOV,1.3
UK,MIN_TEMP,1993,DEC,1.3
UK,MIN_TEMP,1993,WIN,1.48
UK,MIN_TEMP,1993,SPR,4.23
UK,MIN_TEMP,1993,SUM,9.39
UK,MIN_TEMP,1993,AUT,4.33
UK,MIN_TEMP,1993,ANN,4.94
UK,MIN_TEMP,1994,JAN,1.3
UK,MIN_TEMP,1994,FEB,-0.3
UK,MIN_TEMP,1994,MAR,2.9
UK,MIN_TEMP,1994,APR,3.2
UK,MIN_TEMP,1994,MAY,5.3
UK,MIN_TEMP,1994,JUN,8.7
UK,MIN_TEMP,1994,JUL,11.2
UK,MIN_TEMP,1994,AUG,10.4
UK,MIN_TEMP,1994,SEP,8.0
UK,MIN_TEMP,1994,OCT,5.6
UK,MIN_TEMP,1994,NOV,6.4
UK,MIN_TEMP,1994,DEC,2.5
UK,MIN_TEMP,1994,WIN,0.78
UK,MIN_TEMP,1994,SPR,3.79
UK,MIN_TEMP,1994,SUM,10.11
UK,MIN_TEMP,1994,AUT,6.64
UK,MIN_TEMP,1994,ANN,5.45
UK,MIN_TEMP,1995,JAN,0.5
UK,MIN_TEMP,1995,FEB,2.1
UK,MIN_TEMP,1995,MAR,0.7
UK,MIN_TEMP,1995,APR,3.7
UK,MIN_TEMP,1995,MAY,5.7
UK,MIN_TEMP,1995,JUN,8.4
UK,MIN_TEMP,1995,JUL,11.8
UK,MIN_TEMP,1995,AUG,11.8
UK,MIN_TEMP,1995,SEP,8.6
UK,MIN_TEMP,1995,OCT,8.2
UK,MIN_TEMP,1995,NOV,3.9
UK,MIN_TEMP,1995,DEC,-0.8
UK,MIN_TEMP,1995,WIN,1.69
UK,MIN_TEMP,1995,SPR,3.33
UK,MIN_TEMP,1995,SUM,10.70
UK,MIN_TEMP,1995,AUT,6.96
UK,MIN_TEMP,1995,ANN,5.41
UK,MIN_TEMP,1996,JAN,2.2
UK,MIN_TEMP,1996,FEB,-1.0
UK,MIN_TEMP,1996,MAR,1.1
UK,MIN_TEMP,1996,APR,3.6
UK,MIN_TEMP,1996,MAY,3.8
UK,MIN_TEMP,1996,JUN,8.1
UK,MIN_TEMP,1996,JUL,10.2
UK,MIN_TEMP,1996,AUG,10.9
UK,MIN_TEMP,1996,SEP,8.6
UK,MIN_TEMP,1996,OCT,7.1
UK,MIN_TEMP,1996,NOV,1.6
UK,MIN_TEMP,1996,DEC,0.0
UK,MIN_TEMP,1996,WIN,0.15
UK,MIN_TEMP,1996,SPR,2.81
UK,MIN_TEMP,1996,SUM,9.71
UK,MIN_TEMP,1996,AUT,5.79
UK,MIN_TEMP,1996,ANN,4.70
UK,MIN_TEMP,1997,JAN,-0.5
UK,MIN_TEMP,1997,FEB,2.2
UK,MIN_TEMP,1997,MAR,3.6
UK,MIN_TEMP,1997,APR,3.7
UK,MIN_TEMP,1997,MAY,5.6
UK,MIN_TEMP,1997,JUN,8.9
UK,MIN_TEMP,1997,JUL,10.8
UK,MIN_TEMP,1997,AUG,12.7
UK,MIN_TEMP,1997,SEP,8.7
UK,MIN_TEMP,1997,OCT,5.6
UK,MIN_TEMP,1997,NOV,5.1
UK,MIN_TEMP,1997,DEC,2.6
UK,MIN_TEMP,1997,WIN,0.51
UK,MIN_TEMP,1997,SPR,4.29
UK,MIN_TEMP,1997,SUM,10.82
UK,MIN_TEMP,1997,AUT,6.46
UK,MIN_TEMP,1997,ANN,5.77
UK,MIN_TEMP,1998,JAN,1.6
UK,MIN_TEMP,1998,FEB,3.8
UK,MIN_TEMP,1998,MAR,3.5
UK,MIN_TEMP,1998,APR,3.2
UK,MIN_TEMP,1998,MAY,7.2
UK,MIN_TEMP,1998,JUN,9.0
UK,MIN_TEMP,1998,JUL,10.5
UK,MIN_TEMP,1998,AUG,10.3
UK,MIN_TEMP,1998,SEP,9.9
UK,MIN_TEMP,1998,OCT,6.0
UK,MIN_TEMP,1998,NOV,2.2
UK,MIN_TEMP,1998,DEC,1.9
UK,MIN_TEMP,1998,WIN,2.63
UK,MIN_TEMP,1998,SPR,4.62
UK,MIN_TEMP,1998,SUM,9.94
UK,MIN_TEMP,1998,AUT,6.06
UK,MIN_TEMP,1998,ANN,5.77
UK,MIN_TEMP,1999,JAN,1.8
UK,MIN_TEMP,1999,FEB,1.4
UK,MIN_TEMP,1999,MAR,2.9
UK,MIN_TEMP,1999,APR,4.5
UK,MIN_TEMP,1999,MAY,7.5
UK,MIN_TEMP,1999,JUN,8.3
UK,MIN_TEMP,1999,JUL,11.3
UK,MIN_TEMP,1999,AUG,10.7
UK,MIN_TEMP,1999,SEP,10.3
UK,MIN_TEMP,1999,OCT,6.5
UK,MIN_TEMP,1999,NOV,4.0
UK,MIN_TEMP,1999,DEC,0.8
UK,MIN_TEMP,1999,WIN,1.69
UK,MIN_TEMP,1999,SPR,4.96
UK,MIN_TEMP,1999,SUM,10.10
UK,MIN_TEMP,1999,AUT,6.93
UK,MIN_TEMP,1999,ANN,5.85
UK,MIN_TEMP,2000,JAN,1.4
UK,MIN_TEMP,2000,FEB,2.0
UK,MIN_TEMP,2000,MAR,3.1
UK,MIN_TEMP,2000,APR,3.0
UK,MIN_TEMP,2000,MAY,6.3
UK,MIN_TEMP,2000,JUN,9.1
UK,MIN_TEMP,2000,JUL,10.1
UK,MIN_TEMP,2000,AUG,10.8
UK,MIN_TEMP,2000,SEP,9.9
UK,MIN_TEMP,2000,OCT,6.1
UK,MIN_TEMP,2000,NOV,3.0
UK,MIN_TEMP,2000,DEC,2.3
UK,MIN_TEMP,2000,WIN,1.41
UK,MIN_TEMP,2000,SPR,4.15
UK,MIN_TEMP,2000,SUM,10.02
UK,MIN_TEMP,2000,AUT,6.34
UK,MIN_TEMP,2000,ANN,5.61
UK,MIN_TEMP,2001,JAN,-0.1
UK,MIN_TEMP,2001,FEB,0.1
UK,MIN_TEMP,2001,MAR,0.8
UK,MIN_TEMP,2001,APR,2.9
UK,MIN_TEMP,2001,MAY,6.5
UK,MIN_TEMP,2001,JUN,8.4
UK,MIN_TEMP,2001,JUL,11.1
UK,MIN_TEMP,2001,AUG,11.1
UK,MIN_TEMP,2001,SEP,8.9
UK,MIN_TEMP,2001,OCT,9.4
UK,MIN_TEMP,2001,NOV,3.6
UK,MIN_TEMP,2001,DEC,0.0
UK,MIN_TEMP,2001,WIN,0.79
UK,MIN_TEMP,2001,SPR,3.41
UK,MIN_TEMP,2001,SUM,10.23
UK,MIN_TEMP,2001,AUT,7.31
UK,MIN_TEMP,2001,ANN,5.26
UK,MIN_TEMP,2002,JAN,2.1
UK,MIN_TEMP,2002,FEB,2.5
UK,MIN_TEMP,2002,MAR,2.8
UK,MIN_TEMP,2002,APR,3.9
UK,MIN_TEMP,2002,MAY,6.8
UK,MIN_TEMP,2002,JUN,9.4
UK,MIN_TEMP,2002,JUL,10.4
UK,MIN_TEMP,2002,AUG,11.6
UK,MIN_TEMP,2002,SEP,9.0
UK,MIN_TEMP,2002,OCT,5.3
UK,MIN_TEMP,2002,NOV,5.0
UK,MIN_TEMP,2002,DEC,2.8
UK,MIN_TEMP,2002,WIN,1.51
UK,MIN_TEMP,2002,SPR,4.51
UK,MIN_TEMP,2002,SUM,10.49
UK,MIN_TEMP,2002,AUT,6.42
UK,MIN_TEMP,2002,ANN,5.99
UK,MIN_TEMP,2003,JAN,1.0
UK,MIN_TEMP,2003,FEB,0.0
UK,MIN_TEMP,2003,MAR,2.2
UK,MIN_TEMP,2003,APR,4.2
UK,MIN_TEMP,2003,MAY,6.7
UK,MIN_TEMP,2003,JUN,10.1
UK,MIN_TEMP,2003,JUL,12.1
UK,MIN_TEMP,2003,AUG,11.7
UK,MIN_TEMP,2003,SEP,8.3
UK,MIN_TEMP,2003,OCT,4.3
UK,MIN_TEMP,2003,NOV,4.4
UK,MIN_TEMP,2003,DEC,1.3
UK,MIN_TEMP,2003,WIN,1.33
UK,MIN_TEMP,2003,SPR,4.35
UK,MIN_TEMP,2003,SUM,11.34
UK,MIN_TEMP,2003,AUT,5.63
UK,MIN_TEMP,2003,ANN,5.55
UK,MIN_TEMP,2004,JAN,1.7
UK,MIN_TEMP,2004,FEB,1.4
UK,MIN_TEMP,2004,MAR,2.1
UK,MIN_TEMP,2004,APR,4.8
UK,MIN_TEMP,2004,MAY,6.5
UK,MIN_TEMP,2004,JUN,9.9
UK,MIN_TEMP,2004,JUL,10.4
UK,MIN_TEMP,2004,AUG,12.2
UK,MIN_TEMP,2004,SEP,9.7
UK,MIN_TEMP,2004,OCT,6.3
UK,MIN_TEMP,2004,NOV,4.4
UK,MIN_TEMP,2004,DEC,2.0
UK,MIN_TEMP,2004,WIN,1.45
UK,MIN_TEMP,2004,SPR,4.48
UK,MIN_TEMP,2004,SUM,10.84
UK,MIN_TEMP,2004,AUT,6.79
UK,MIN_TEMP,2004,ANN,5.97
UK,MIN_TEMP,2005,JAN,2.5
UK,MIN_TEMP,2005,FEB,1.0
UK,MIN_TEMP,2005,MAR,3.2
UK,MIN_TEMP,2005,APR,3.9
UK,MIN_TEMP,2005,MAY,5.7
UK,MIN_TEMP,2005,JUN,9.8
UK,MIN_TEMP,2005,JUL,11.3
UK,MIN_TEMP,2005,AUG,10.4
UK,MIN_TEMP,2005,SEP,9.9
UK,MIN_TEMP,2005,OCT,8.8
UK,MIN_TEMP,2005,NOV,2.2
UK,MIN_TEMP,2005,DEC,1.3
UK,MIN_TEMP,2005,WIN,1.88
UK,MIN_TEMP,2005,SPR,4.31
UK,MIN_TEMP,2005,SUM,10.53
UK,MIN_TEMP,2005,AUT,6.97
UK,MIN_TEMP,2005,ANN,5.88
UK,MIN_TEMP,2006,JAN,1.3
UK,MIN_TEMP,2006,FEB,0.7
UK,MIN_TEMP,2006,MAR,0.8
UK,MIN_TEMP,2006,APR,3.5
UK,MIN_TEMP,2006,MAY,6.5
UK,MIN_TEMP,2006,JUN,9.7
UK,MIN_TEMP,2006,JUL,12.5
UK,MIN_TEMP,2006,AUG,11.2
UK,MIN_TEMP,2006,SEP,11.3
UK,MIN_TEMP,2006,OCT,8.5
UK,MIN_TEMP,2006,NOV,4.0
UK,MIN_TEMP,2006,DEC,2.9
UK,MIN_TEMP,2006,WIN,1.11
UK,MIN_TEMP,2006,SPR,3.59
UK,MIN_TEMP,2006,SUM,11.14
UK,MIN_TEMP,2006,AUT,7.95
UK,MIN_TEMP,2006,ANN,6.11
UK,MIN_TEMP,2007,JAN,3.2
UK,MIN_TEMP,2007,FEB,2.2
UK,MIN_TEMP,2007,MAR,2.5
UK,MIN_TEMP,2007,APR,5.3
UK,MIN_TEMP,2007,MAY,6.5
UK,MIN_TEMP,2007,JUN,9.9
UK,MIN_TEMP,2007,JUL,10.5
UK,MIN_TEMP,2007,AUG,10.3
UK,MIN_TEMP,2007,SEP,8.8
UK,MIN_TEMP,2007,OCT,6.7
UK,MIN_TEMP,2007,NOV,3.9
UK,MIN_TEMP,2007,DEC,1.5
UK,MIN_TEMP,2007,WIN,2.79
UK,MIN_TEMP,2007,SPR,4.78
UK,MIN_TEMP,2007,SUM,10.22
UK,MIN_TEMP,2007,AUT,6.45
UK,MIN_TEMP,2007,ANN,5.95
UK,MIN_TEMP,2008,JAN,2.5
UK,MIN_TEMP,2008,FEB,1.0
UK,MIN_TEMP,2008,MAR,1.8
UK,MIN_TEMP,2008,APR,3.1
UK,MIN_TEMP,2008,MAY,7.6
UK,MIN_TEMP,2008,JUN,8.7
UK,MIN_TEMP,2008,JUL,11.3
UK,MIN_TEMP,2008,AUG,11.8
UK,MIN_TEMP,2008,SEP,8.9
UK,MIN_TEMP,2008,OCT,5.1
UK,MIN_TEMP,2008,NOV,3.5
UK,MIN_TEMP,2008,DEC,0.2
UK,MIN_TEMP,2008,WIN,1.64
UK,MIN_TEMP,2008,SPR,4.15
UK,MIN_TEMP,2008,SUM,10.61
UK,MIN_TEMP,2008,AUT,5.84
UK,MIN_TEMP,2008,ANN,5.47
UK,MIN_TEMP,2009,JAN,0.0
UK,MIN_TEMP,2009,FEB,1.0
UK,MIN_TEMP,2009,MAR,2.3
UK,MIN_TEMP,2009,APR,4.6
UK,MIN_TEMP,2009,MAY,6.5
UK,MIN_TEMP,2009,JUN,9.0
UK,MIN_TEMP,2009,JUL,11.2
UK,MIN_TEMP,2009,AUG,11.5
UK,MIN_TEMP,2009,SEP,9.5
UK,MIN_TEMP,2009,OCT,7.1
UK,MIN_TEMP,2009,NOV,4.6
UK,MIN_TEMP,2009,DEC,-0.7
UK,MIN_TEMP,2009,WIN,0.39
UK,MIN_TEMP,2009,SPR,4.42
UK,MIN_TEMP,2009,SUM,10.58
UK,MIN_TEMP,2009,AUT,7.06
UK,MIN_TEMP,2009,ANN,5.55
UK,MIN_TEMP,2010,JAN,-1.7
UK,MIN_TEMP,2010,FEB,-1.1
UK,MIN_TEMP,2010,MAR,1.3
UK,MIN_TEMP,2010,APR,3.3
UK,MIN_TEMP,2010,MAY,5.2
UK,MIN_TEMP,2010,JUN,9.3
UK,MIN_TEMP,2010,JUL,11.6
UK,MIN_TEMP,2010,AUG,10.2
UK,MIN_TEMP,2010,SEP,9.1
UK,MIN_TEMP,2010,OCT,6.0
UK,MIN_TEMP,2010,NOV,1.5
UK,MIN_TEMP,2010,DEC,-4.1
UK,MIN_TEMP,2010,WIN,-1.18
UK,MIN_TEMP,2010,SPR,3.23
UK,MIN_TEMP,2010,SUM,10.40
UK,MIN_TEMP,2010,AUT,5.53
UK,MIN_TEMP,2010,ANN,4.24
UK,MIN_TEMP,2011,JAN,0.4
UK,MIN_TEMP,2011,FEB,2.6
UK,MIN_TEMP,2011,MAR,1.9
UK,MIN_TEMP,2011,APR,5.7
UK,MIN_TEMP,2011,MAY,6.9
UK,MIN_TEMP,2011,JUN,8.3
UK,MIN_TEMP,2011,JUL,9.7
UK,MIN_TEMP,2011,AUG,10.3
UK,MIN_TEMP,2011,SEP,10.1
UK,MIN_TEMP,2011,OCT,8.0
UK,MIN_TEMP,2011,NOV,5.8
UK,MIN_TEMP,2011,DEC,2.1
UK,MIN_TEMP,2011,WIN,-0.46
UK,MIN_TEMP,2011,SPR,4.80
UK,MIN_TEMP,2011,SUM,9.43
UK,MIN_TEMP,2011,AUT,7.97
UK,MIN_TEMP,2011,ANN,5.98
UK,MIN_TEMP,2012,JAN,1.8
UK,MIN_TEMP,2012,FEB,1.2
UK,MIN_TEMP,2012,MAR,3.4
UK,MIN_TEMP,2012,APR,2.5
UK,MIN_TEMP,2012,MAY,6.0
UK,MIN_TEMP,2012,JUN,8.8
UK,MIN_TEMP,2012,JUL,10.4
UK,MIN_TEMP,2012,AUG,11.4
UK,MIN_TEMP,2012,SEP,8.1
UK,MIN_TEMP,2012,OCT,4.8
UK,MIN_TEMP,2012,NOV,2.8
UK,MIN_TEMP,2012,DEC,1.1
UK,MIN_TEMP,2012,WIN,1.73
UK,MIN_TEMP,2012,SPR,4.00
UK,MIN_TEMP,2012,SUM,10.19
UK,MIN_TEMP,2012,AUT,5.23
UK,MIN_TEMP,2012,ANN,5.21
UK,MIN_TEMP,2013,JAN,1.0
UK,MIN_TEMP,2013,FEB,-0.1
UK,MIN_TEMP,2013,MAR,-0.7
UK,MIN_TEMP,2013,APR,2.2
UK,MIN_TEMP,2013,MAY,5.2
UK,MIN_TEMP,2013,JUN,8.6
UK,MIN_TEMP,2013,JUL,11.9
UK,MIN_TEMP,2013,AUG,11.4
UK,MIN_TEMP,2013,SEP,8.9
UK,MIN_TEMP,2013,OCT,8.3
UK,MIN_TEMP,2013,NOV,2.4
UK,MIN_TEMP,2013,DEC,2.8
UK,MIN_TEMP,2013,WIN,0.68
UK,MIN_TEMP,2013,SPR,2.26
UK,MIN_TEMP,2013,SUM,10.66
UK,MIN_TEMP,2013,AUT,6.56
UK,MIN_TEMP,2013,ANN,5.21
UK,MIN_TEMP,2014,JAN,2.1
UK,MIN_TEMP,2014,FEB,2.5
UK,MIN_TEMP,2014,MAR,2.9
UK,MIN_TEMP,2014,APR,5.3
UK,MIN_TEMP,2014,MAY,7.3
UK,MIN_TEMP,2014,JUN,9.9
UK,MIN_TEMP,2014,JUL,11.5
UK,MIN_TEMP,2014,AUG,9.9
UK,MIN_TEMP,2014,SEP,9.7
UK,MIN_TEMP,2014,OCT,7.9
UK,MIN_TEMP,2014,NOV,4.8
UK,MIN_TEMP,2014,DEC,1.5
UK,MIN_TEMP,2014,WIN,2.48
UK,MIN_TEMP,2014,SPR,5.17
UK,MIN_TEMP,2014,SUM,10.45
UK,MIN_TEMP,2014,AUT,7.47
UK,MIN_TEMP,2014,ANN,6.30
UK,MIN_TEMP,2015,JAN,0.8
UK,MIN_TEMP,2015,FEB,0.5
UK,MIN_TEMP,2015,MAR,2.0
UK,MIN_TEMP,2015,APR,3.0
UK,MIN_TEMP,2015,MAY,5.7
UK,MIN_TEMP,2015,JUN,8.2
UK,MIN_TEMP,2015,JUL,10.3
UK,MIN_TEMP,2015,AUG,10.6
UK,MIN_TEMP,2015,SEP,7.7
UK,MIN_TEMP,2015,OCT,6.4
UK,MIN_TEMP,2015,NOV,5.3
UK,MIN_TEMP,2015,DEC,5.2
UK,MIN_TEMP,2015,WIN,0.97
UK,MIN_TEMP,2015,SPR,3.57
UK,MIN_TEMP,2015,SUM,9.70
UK,MIN_TEMP,2015,AUT,6.46
UK,MIN_TEMP,2015,ANN,5.51
UK,MIN_TEMP,2016,JAN,1.8
UK,MIN_TEMP,2016,FEB,0.7
UK,MIN_TEMP,2016,MAR,1.7
UK,MIN_TEMP,2016,APR,2.5
UK,MIN_TEMP,2016,MAY,6.8
UK,MIN_TEMP,2016,JUN,10.1
UK,MIN_TEMP,2016,JUL,11.3
UK,MIN_TEMP,2016,AUG,11.4
UK,MIN_TEMP,2016,SEP,11.0
UK,MIN_TEMP,2016,OCT,6.3
UK,MIN_TEMP,2016,NOV,1.7
UK,MIN_TEMP,2016,DEC,2.9
UK,MIN_TEMP,2016,WIN,2.63
UK,MIN_TEMP,2016,SPR,3.67
UK,MIN_TEMP,2016,SUM,10.92
UK,MIN_TEMP,2016,AUT,6.33
UK,MIN_TEMP,2016,ANN,5.70
UK,MIN_TEMP,2017,JAN,1.0
UK,MIN_TEMP,2017,FEB,2.6
UK,MIN_TEMP,2017,MAR,3.7
UK,MIN_TEMP,2017,APR,3.9
UK,MIN_TEMP,2017,MAY,7.5
UK,MIN_TEMP,2017,JUN,10.6
UK,MIN_TEMP,2017,JUL,11.0
UK,MIN_TEMP,2017,AUG,N/A
UK,MIN_TEMP,2017,SEP,N/A
UK,MIN_TEMP,2017,OCT,N/A
UK,MIN_TEMP,2017,NOV,N/A
UK,MIN_TEMP,2017,DEC,N/A
UK,MIN_TEMP,2017,WIN,2.16
UK,MIN_TEMP,2017,SPR,5.01
UK,MIN_TEMP,2017,SUM,N/A
UK,MIN_TEMP,2017,AUT,N/A
UK,MIN_TEMP,2017,ANN,N/A
